{"logistic": {"r_squared": 0.8227848101265823, "rmse": 0.8190763553841407}, 
"forest": {"r_squared": 0.8354430379746836, "rmse": 0.8113124232385855}, 
"sgdr": {"r_squared": -1.4292499987699628e+24, "rmse": 926460270326.3434}}